sujet,date,statut
Comment les tableaux muraux des palais des rois du Rwanda préservaient-ils la mémoire dynastique des Abanyiginya ?,2025-10-15T15:02:26.604784,succès
Quand les peintures rupestres du Sahara ont-elles commencé à montrer l'introduction du cheval et du char ?,2025-10-17T10:42:10.083883,succès
Comment l'art mural des quilombos brésiliens perpétue-t-il les traditions africaines en Amérique latine ?,2025-10-21T10:54:01.646602,succès
Quels sont les défis de conservation des peintures murales en terre crue face au changement climatique africain ?,2025-10-24T10:43:57.285727,succès
Pourquoi les pigments à base de latérite résistent-ils mieux aux intempéries que les pigments importés ?,2025-10-28T07:37:59.023795,succès
Comment les artistes afro-caribéens de Harlem ont-ils adapté les motifs muraux africains dans les années 1920 ?,2025-11-04T07:37:51.061002,succès
Quelle est la composition chimique des enduits traditionnels utilisés pour préparer les murs au Sahel ?,2025-11-11T07:39:07.935698,succès
Comment l'art mural des favelas de Salvador de Bahia dialogue-t-il avec l'héritage yoruba ?,2025-11-18T07:26:16.525499,succès
Pourquoi certaines peintures murales africaines vieilles de plusieurs siècles sont-elles encore visibles aujourd'hui ?,2025-11-25T07:26:20.510366,succès
Quelle différence existe-t-il entre les techniques de conservation moderne et traditionnelle de l'art mural africain ?,2025-12-02T07:28:23.394265,succès
Comment les communautés afro-américaines du Sud des États-Unis ont-elles préservé les traditions murales africaines ?,2025-12-09T07:28:46.409527,succès
Quels champignons et moisissures menacent principalement les peintures murales en climat tropical africain ?,2025-12-16T07:29:34.891403,succès
Pourquoi l'ajout de lait caillé renforce-t-il l'adhérence des pigments sur les murs en terre ?,2025-12-23T07:30:14.119530,succès
Comment l'art mural de Brixton à Londres reflète-t-il l'identité de la diaspora africaine caribéenne ?,2025-12-30T07:29:12.638814,succès
Quelle est la durée de stabilité des pigments végétaux exposés au soleil intense du Sahara ?,2026-01-06T07:33:11.772147,succès
Comment les restaurateurs africains adaptent-ils les techniques occidentales aux matériaux traditionnels locaux ?,2026-01-13T07:31:17.420466,succès
Quelle est la fonction des tanins extraits d'écorces dans la fixation des pigments muraux africains ?,2026-01-20T07:35:06.906673,succès
Comment l'art mural des townships zimbabwéens documente-t-il la crise économique post-indépendance ?,2026-01-27T07:25:37.680661,succès
Quels insectes xylophages menacent les supports en bois des peintures murales d'Afrique centrale ?,2026-02-01T07:36:20.636602,succès
"Pourquoi certaines communautés africaines refusent-elles la restauration ""moderne"" de leurs fresques ancestrales ?",2026-02-02T07:47:32.993475,succès
Comment l'art mural afro-britannique de Birmingham célèbre-t-il les figures de la décolonisation ?,2026-02-03T07:40:53.176305,succès
Quelle est l'impact de l'humidité relative sur la conservation des peintures murales sahéliennes ?,2026-02-04T07:42:44.284592,succès
Comment les pigments à base d'hématite ont-ils traversé les millénaires dans l'art rupestre africain ?,2026-02-05T07:47:50.543677,succès
Pourquoi l'art mural des communautés gullah de Caroline du Sud utilise-t-il des symboles bakongo ?,2026-03-01T07:38:14.225034,succès
